City,Automobile Mechanic - Gross (New York = 100),Automobile Mechanic - Gross (USD),"Automobile Mechanic - Gross, annual (New York = 100)","Automobile Mechanic - Net, annual (New York = 100)",Average annual (gross) - (USD),Average hourly (gross) - (USD),Average hourly (net) - (USD),Bus Driver - Gross (New York = 100),Bus Driver - Gross (USD),"Bus Driver - Gross, annual (New York = 100)","Bus Driver - Net, annual (New York = 100)",Call Center Agent - Gross (New York = 100),Call Center Agent - Gross (USD),"Call Center Agent - Gross, annual (New York = 100)","Call Center Agent - Net, annual (New York = 100)",Carpenter - Gross (New York = 100),Carpenter - Gross (USD),"Carpenter - Gross, annual (New York = 100)","Carpenter - Net, annual (New York = 100)",Construction Worker - Gross (New York = 100),Construction Worker - Gross (USD),"Construction Worker - Gross, annual (New York = 100)","Construction Worker - Net, annual (New York = 100)",Cook - Gross (New York = 100),Cook - Gross (USD),"Cook - Gross, annual (New York = 100)","Cook - Net, annual (New York = 100)",Department Manager - Gross (New York = 100),Department Manager - Gross (USD),"Department Manager - Gross, annual (New York = 100)","Department Manager - Net, annual (New York = 100)",General Practitioner - Gross (New York = 100),General Practitioner - Gross (USD),"General Practitioner - Gross, annual (New York = 100)","General Practitioner - Net, annual (New York = 100)",Industrial Technician - Gross (USD),"Industrial Technician - Gross, annual (New York = 100)","Industrial Technician - Net, annual (New York = 100)",Nurse - Gross (New York = 100),Nurse - Gross (USD),"Nurse - Gross, annual (New York = 100)","Nurse - Net, annual (New York = 100)",Practice Assistant - Gross (New York = 100),Practice Assistant - Gross (USD),"Practice Assistant - Gross, annual (New York = 100)","Practice Assistant - Net, annual (New York = 100)",Primary School Teacher - Gross (New York = 100),Primary School Teacher - Gross (USD),"Primary School Teacher - Gross, annual (New York = 100)","Primary School Teacher - Net, annual (New York = 100)",Product Manager - Gross (New York = 100),Product Manager - Gross (USD),"Product Manager - Gross, annual (New York = 100)","Product Manager - Net, annual (New York = 100)",Sales Assistant - Gross (New York = 100),Sales Assistant - Gross (USD),"Sales Assistant - Gross, annual (New York = 100)","Sales Assistant - Net, annual (New York = 100)",Secretary - Gross (New York = 100),Secretary - Gross (USD),"Secretary - Gross, annual (New York = 100)","Secretary - Net, annual (New York = 100)","Taxes and Social Security (average) - Social security contribution, employee (%)",Taxes and Social Security (average) - Tax (%),Working hours and vacation days (average) - Vacation per year (NY = 100),Working hours and vacation days (average) - Vacation per year (days),Working hours and vacation days (average) - Work per year (NY = 100),Working hours and vacation days (average) - Work per year (hours),Exchange Rates - Currency Unit,Exchange Rates - LC/USD,Exchange Rates - Local Currency (LC),"Domestic Purchasing Power - Gross, hourly (New York = 100)",Domestic Purchasing Power - Net (New York = 100),"Domestic Purchasing Power - Net, hourly (New York = 100)",Price Level - excl. rent (New York = 100),Price Level - incl. rent (New York = 100),Wage Level (gross) - (New York = 100),Wage Level (net annual) - (New York = 100),Wage Level (net) - (New York = 100),"Working time required to buy… - Big Mac, net (NY = 100)","Working time required to buy… - Big Mac, net (minutes)",Working time required to buy… - Haircut Men (NY = 100),Working time required to buy… - Haircut Men (minutes),Working time required to buy… - Haircut Women (NY = 100),Working time required to buy… - Haircut Women (minutes),"Working time required to buy… - iPhone X 64GB, net (NY = 100)","Working time required to buy… - iPhone X 64GB, net (hours)",City Breaks - (New York = 100),City Breaks - (USD),Food - (New York = 100),Food - (USD),Home Electronics and Household Appliances - Home Electronics (New York = 100),Home Electronics and Household Appliances - Home Electronics (USD),Home Electronics and Household Appliances - Household Appliances (New York = 100),Home Electronics and Household Appliances - Household Appliances (USD),Housing - (New York = 100),Housing - (USD),Public Transport - (New York = 100),"Public Transport - Bus, Tram or Metro (USD)",Public Transport - Public Transportation (USD),Public Transport - Taxi (USD),Public Transport - Train (USD),"Restaurants and Hotels - Hotel, first-class international (USD)","Restaurants and Hotels - Hotel, good mid-range (USD)",Restaurants and Hotels - Restaurant (USD),Services - (New York = 100),Services - (USD),Total expenditure on goods and services - (New York = 100),Total expenditure on goods and services - (USD),Women's and Men's Clothing - Men's clothing (New York = 100),Women's and Men's Clothing - Men's clothing (USD),Women's and Men's Clothing - Women's clothing (New York = 100),Women's and Men's Clothing - Women's clothing (USD),Longitude,Latitude,City Code,Country,Region,Continent,Development
Nairobi,11.24,5072.76,11.2,12.2,6626.19,2.9,2.22,6.61,2865.06,6.6,7.3,15.65,4761.9,15.6,16.9,6.13,2606.71,6.1,6.8,3.47,1079.1,3.5,3.9,15.95,10890,16,16.8,17.65,20535.62,17.7,19.4,10.04,21384,10,12.1,6778.64,13.7,14.5,11,9288.97,11,12,22.16,9108,22.2,22.7,7.22,5257.36,7.2,8.2,14.63,16739.25,14.6,16.2,11.4,4399.56,11.4,12.4,18.61,8019,18.6,19.3,3.3,18.4,144.3,21.9,111.7,2285,100,0.99,KES,19.1,24,20.9,52.7,45,10.1,12.7,11,881.49,133.8,137.4,175.99,182.29,391.47,1068,577.7,41.4,445.73,47.8,229.08,109.8,4249.51,112.8,802.37025,14.2,544.45,24.3,0.59,15.02,9.53,4.9,253.47,136.75,29.21,43.67,587.05,52.74,1937.08,16.4,162.06,29.3,188.09,36.817,-1.283,NBO,Kenya,Africa,Central Africa,Developing
Rome,68.88,31082.83,68.9,60.8,32935.46,20.83,13.25,75.54,32738.46,75.5,66.5,51.92,15802.5,51.9,46.5,66.72,28370.5,66.7,59.1,91.46,28425.32,91.5,80.4,84.78,57874.45,84.8,72.3,52.66,61263.83,52.7,47.9,34.76,74010,34.8,34.1,49256.81,99.5,83.9,39.2,33098.92,39.2,36.6,114.05,46873,114.1,96.1,40.46,29466.95,40.5,37.5,44.09,50457,44.1,41.1,67.6,26096.47,67.6,60,54.12,23313.15,54.1,48.4,9.8,26.2,153.1,23.3,77.3,1581,1,1.2335,EUR,89.1,65,81.3,81,72,72.2,52.7,65.9,154.56,23.5,87.3,111.75,115.78,248.63,196.9,106.5,72.5,780.21,71.7,343.47,110.9,4292.24,161.5,1148.894235,36.5,1397.97,59,1.85,36.52,18.93,15.74,342.6,152.95,120.27,74.54,1002.15,81.01,2975.36,87.9,869.58,108.2,695.43,12.45,41.9,ROM,Italy,Europe,Western Europe,Industrialized
Bogota,,,,,,,,,,,,,,,,,,,,,,,,,,,,,,,,,,,,,,,,,,,,,,,,,,,,,,,,,,,,,,,,,,,,,,,,,,,,,,,,,,,,,,,,,,,,,,,,,,,0.79,,4.01,,273.38,76.57,40.61,44.29,595.47,55.5,2038.57,,,,,-74.25,-4.533,BOG,Colombia,Americas,South America,Developing
Berlin,79.34,35804.94,79.3,77.2,40002.04,22.3,15.88,72.1,31249.6,72.1,70.8,82.99,25256.32,83,82.2,80.93,34414.65,80.9,78.9,95.85,29788.64,95.8,93.7,56.37,38476.98,56.4,56.9,75.39,87701.85,75.4,80.4,63.8,135833.02,63.8,69.5,44130.93,89.2,86.3,44.3,37403.56,44.3,45.6,66.51,27334.36,66.5,65.9,92.92,67673.86,92.9,93.7,61.01,69823.5,61,65.8,72.74,28083.6,72.7,71.8,70.66,30439.67,70.7,69.5,19.4,8.7,184.6,28.1,87.7,1794,1,1.2335,EUR,96.9,91.6,99,79.8,69.8,77.3,73.1,79,120.92,18.4,54.6,69.89,68.35,146.77,164.9,89.2,57.1,614.38,74,354.33,118.4,4579,161.6,1149.492483,30.2,1159.49,108.2,3.73,66.98,16.44,46.81,219.56,125.2,84.8,75.21,1011.17,79.8,2931.22,75.1,742.99,103.2,663.28,13.417,52.5,BER,Germany,Europe,Western Europe,Industrialized
Copenhagen,114.26,51562.72,114.3,98.4,50051.86,29.24,18.56,115.53,50073.21,115.5,99.6,136.14,41433.78,136.1,118.4,122.57,52121.28,122.6,105.3,152.96,47539.12,153,131.5,80.05,54645.35,80.1,71.5,66.32,77158.67,66.3,62.3,38.67,82326.96,38.7,39.9,54120.13,109.3,94.4,69.82,58951.28,69.8,63.2,131.42,54008.12,131.4,112.5,84.88,61820.29,84.9,75.6,81.84,93668.99,81.8,76,94.11,36332.31,94.1,83.4,142,61171.98,142,120.6,0.3,36.1,188.6,28.7,83.7,1712,1,0.1656,DKK,95.5,77,87,106.1,94.4,101.3,81.7,92.3,111.05,16.9,172.1,220.34,132.09,283.68,128.6,69.6,76.2,819.7,104.7,501.3,107.3,4151.18,161.3,1147.64802,48.7,1867.03,107.2,4.64,66.38,17.88,43.86,344.99,169.7,96.46,104.08,1399.17,106.1,3897.01,95,939.89,145.7,936.44,12.583,55.667,CPH,Denmark,Europe,Western Europe,Industrialized
Budapest,19.26,8692.2,19.3,17.3,10560.88,5.67,3.77,25.16,10902.78,25.2,22.5,41.14,12520.99,41.1,36.5,27.44,11668.14,27.4,24.6,21.07,6549.84,21.1,18.7,27.3,18632.46,27.3,25.5,20.54,23892.18,20.5,20.6,6.47,13780.8,6.5,7.2,8444.7,17.1,15.4,10.08,8507.67,10.1,9.6,20.42,8393.46,20.4,18.3,16.88,12296.49,16.9,15.9,19.4,22203.83,19.4,19.4,20.78,8021.17,20.8,18.6,24.09,10379.03,24.1,21.6,18.5,15,158.3,24.1,91,1862,100,0.396,HUF,35.2,31.7,33.6,55.9,48.3,19.7,17.7,18.8,366.02,55.6,116.2,148.85,148.09,318.02,737.6,399,47.5,511.34,63.7,305.03,143.6,5553.77,100.6,715.38192,18.1,692.97,41.6,1.39,25.75,8.21,16.15,250.67,107.14,52.96,45.62,613.37,55.89,2052.69,52.8,522.19,61,392.03,19.083,47.5,BUD,Hungary,Europe,Eastern Europe,Transition
Prague,34.37,15510.27,34.4,31.9,13855.36,7.71,5.31,38.7,16774.45,38.7,35.9,45.31,13790.22,45.3,41.7,28.59,12156.8,28.6,26.5,31.18,9691.55,31.2,28.7,22.22,15166.31,22.2,21.5,19.37,22537.57,19.4,20.1,14.93,31793.15,14.9,17.1,18360.37,37.1,34.7,16.29,13755.13,16.3,16,29.5,12122.98,29.5,27.3,19.85,14454.29,19.8,19.3,22.1,25297.79,22.1,22.9,28.59,11035.89,28.6,26.5,34.92,15042.41,34.9,32.4,11,20.1,178.5,27.1,87.9,1798,1,0.0486,CZK,42.2,38.5,41.7,63.4,55.2,26.7,24.4,26.4,278.51,42.3,242.3,310.28,281.29,604.08,507.4,274.5,50.9,547.85,62.1,297.44,132.2,5113.04,143.8,1023.190356,23,882.95,36.9,1.36,22.86,8.63,12.87,112.93,85.93,53.46,56.02,753.08,63.37,2327.48,76.3,755.5,108.6,697.89,14.45,50.067,PRG,Czech Republic,Europe,Eastern Europe,Transition
Dublin,73.82,33312.18,73.8,76.4,41153.47,22.18,16.58,100.08,43374.79,100.1,103.5,97.11,29555.48,97.1,99.6,60.36,25669.14,60.4,62.4,99.88,31043.08,99.9,102.5,73.45,50138.21,73.4,76.9,62.9,73170.53,62.9,68.6,45.77,97446.5,45.8,52.3,49423.88,99.8,104,58.29,49212.81,58.3,64,97.93,40246.02,97.9,101.1,64.45,46938.79,64.4,69.9,72.61,83102.13,72.6,77.1,80.41,31043.08,80.4,82.9,94.93,40897.38,94.9,98.1,4,20.6,142.5,21.7,90.7,1856,1,1.2335,EUR,88.8,88.7,95.2,86.6,81.3,76.9,76.8,82.5,116.69,17.7,52.3,66.94,96.29,206.78,162.1,87.7,61.7,664.19,79.6,381.16,121.8,4712.23,148.8,1058.63904,60.5,2317.95,83.4,3.45,51.66,12.92,35.29,340.86,170.84,61.68,77.49,1041.7,86.59,3180.43,53,524.57,61,392.21,-6.25,53.333,DUB,Ireland,Europe,Western Europe,Industrialized
Bucharest,20.37,9192.21,20.4,16.1,11144.72,6.12,3.58,42.24,18307.26,42.2,33.3,22.17,6747.67,22.2,17.3,22.43,9536.4,22.4,17.7,36.23,11259.49,36.2,28.3,25.99,17741.24,26,21.3,20.87,24284.27,20.9,18.4,8.71,18543,8.7,8.5,9236.53,18.7,14.8,15.27,12896.32,15.3,12.8,19.34,7947,19.3,15.2,8.99,6548.02,9,7.4,23.34,26716.33,23.3,20.6,24.97,9638.32,25,19.6,17.13,7379.76,17.1,13.5,35,6.5,156.6,23.8,89,1820,1,0.2649,RON,39.1,30.2,32.8,54.3,46.2,21.2,16.4,17.8,264.52,40.2,129.1,165.3,103.32,221.88,731.5,395.7,37.9,407.57,42,200.91,115.4,4465.56,98.1,698.0499105,13.8,530.68,24.6,0.58,15.24,2.57,12.09,171.81,63.61,40.52,49.91,671.02,54.32,1995.36,55.9,553.57,88.4,568.54,26.117,44.417,BUH,Romania,Europe,Eastern Europe,Transition
Moscow,16.01,7223.63,16,18.8,9068.37,5.27,4.59,29.06,12594.44,29.1,34,26.59,8091.4,26.6,30.9,19.03,8091.4,19,22.3,22.22,6907.01,22.2,25.8,21.37,14587.97,21.4,26.1,20.87,24274.2,20.9,27.4,7.44,15831,7.4,10.8,11843.93,23.9,28.2,9.53,8044.49,9.5,11.8,25.68,10554,25.7,30,12.57,9158.53,12.6,15.4,13.89,15901.36,13.9,18.2,18.29,7059.45,18.3,21.4,24.39,10507.09,24.4,28.6,0,13,219.3,33.3,84.1,1720,1,0.0176,RUB,29.7,33.6,37,61.6,57.3,18.3,20.7,22.8,196.97,29.9,314.4,402.57,249.05,534.85,552.8,299,56.5,608.1,47.7,228.64,128.7,4978.02,124.5,885.243135,40.5,1553.1,49.3,0.97,30.55,7.12,22.46,322.2,134.12,57.26,58.13,781.55,61.65,2264.32,95.8,948.57,169.3,1088.44,37.6,55.75,MOW,Russia,Europe,Eastern Europe,Transition
Panama,20.16,9100,20.2,24.2,16303.59,7.62,6.27,19.65,8515,19.6,23.5,34.17,10400,34.2,40.6,31.79,13520,31.8,36.9,35.84,11140.48,35.8,42.5,85.7,58500,85.7,90.7,16.76,19500,16.8,20.9,23.84,50752,23.8,30.6,13520,27.3,31.9,29.25,24700,29.3,33.7,28.47,11700,28.5,33.7,15.17,11050,15.2,19.1,28.4,32500,28.4,33.8,23.57,9100,23.6,28.2,28.67,12350,28.7,33.7,11,3.9,186.8,28.4,104.6,2140,1,1,PAB / USD,31.8,41.5,37.5,83.1,73.7,26.4,34.5,31.2,274.22,41.6,136,174.19,177.16,380.44,277.3,150,49,526.78,70.2,336.25,90.7,3509.52,119.7,851.485,36.6,1404.17,48.9,,30.26,,,,,,,,,,40.1,396.45,64.4,414.31,,,,,,,
Sofia,19.63,8856.71,19.6,20.6,9487.15,4.99,3.91,21.37,9262.88,21.4,22.4,32.44,9872.56,32.4,33.8,19.58,8325.24,19.6,20.5,20.9,6496.21,20.9,21.8,28.25,19286.81,28.3,30.9,18.9,21982,18.9,22.6,12.44,26489.4,12.4,16.8,8552.29,17.3,18.3,6.66,5621.64,6.7,7.4,22.1,9082.08,22.1,23.2,7.88,5738.53,7.9,8.7,15.26,17461.14,15.3,17.9,17.67,6819.97,17.7,18.5,24.59,10594.08,24.6,25.8,13,8.7,160.1,24.3,92.9,1901,1,0.6307,BGN,34.1,37,38.4,50.7,43.3,17.3,18.8,19.5,324.4,49.3,117,149.84,128.29,275.51,506,273.7,35.8,385.15,46.3,221.75,110.4,4270.79,100.7,716.468893,13.6,521.38,18.1,1.01,11.21,3.7,6.5,188.04,69.84,39.62,39.51,531.15,50.72,1862.81,57.7,570.65,69.2,444.61,23.317,42.683,SOF,Bulgaria,Europe,Eastern Europe,Transition
New Delhi,7.58,3420.33,7.6,9,4966.81,1.98,1.7,8.11,3513.33,8.1,9.6,9.57,2914,9.6,11.3,8.75,3720,8.7,10.4,8.08,2511,8.1,9.5,9.99,6820,10,12.1,12.3,14311.67,12.3,14.8,4.37,9300,4.4,6.2,5559.33,11.2,13.3,6.94,5855.56,6.9,8.6,11.31,4650,11.3,13.4,7.97,5802.17,8,9.8,9.68,11082.5,9.7,12.1,9.48,3658,9.5,11.2,14.03,6045,14,16.4,12,1.5,136,20.7,122.8,2511,1,0.0155,INR,14.9,23.1,18.4,46,39.5,6.9,10.6,8.5,596.26,90.5,111.9,143.26,122.56,263.21,1486.5,804.2,36.3,389.92,55.4,265.27,114.5,4431.57,91.2,648.6512322,13.9,532.99,18.4,0.45,11.37,1.65,9.27,189.08,85.11,39.78,29.79,400.43,46.02,1690.3,51.3,507.32,58.2,374.08,77.12,28.38,DEL,India,Asia,South Asia,Developing
Tel Aviv,62.01,27983.53,62,69.3,36247.18,16.01,12.43,76.28,33060.95,76.3,83.6,69.54,21163.63,69.5,80,73.27,31156.92,73.3,80.8,108.45,33707.17,108.5,117.8,46.64,31838.91,46.6,53.5,57.69,67113.26,57.7,63.5,40.65,86547,40.6,46.9,36137.99,73,79.6,55.08,46500.5,55.1,61,227.44,93470.76,227.4,208.8,42.56,31000.61,42.6,49.3,63.77,72985.09,63.8,68.9,43.64,16847.82,43.6,50.9,60.82,26201.82,60.8,68.5,8.8,12,105.7,16.1,110.6,2264,1,0.2885,ILS,65,80.3,72.3,85.4,77,55.5,68.6,61.8,153.67,23.3,136.2,174.46,173.5,372.6,187.1,101.2,74.5,801.8,85.7,410.46,113.9,4406.96,128.1,911.4246695,43.7,1675.45,33.4,1.7,20.69,9.22,9.77,432.81,192.21,78.61,81.5,1095.7,85.43,3137.74,77.3,765.06,110.1,707.91,34.767,32.083,TLV,Israel,Asia,Middle East,Developing
Warsaw,23.94,10802.9,23.9,23.3,14521.76,7.71,5.45,27.82,12055.67,27.8,27,31.86,9697.63,31.9,30.8,20.81,8850,20.8,20.3,27.7,8610.07,27.7,26.9,30.48,20804.97,30.5,30.6,26.46,30787.97,26.5,28.2,11.64,24780,11.6,13.8,20176.82,40.8,39.6,14.02,11839.33,14,14.5,27.56,11328,27.6,26.8,18.14,13212.26,18.1,18.4,52.57,60160.33,52.6,53.2,21.74,8393.73,21.7,21.2,23.41,10085.46,23.4,22.8,13.4,14.8,168.4,25.6,92.1,1883,1,0.295,PLN,47.1,45.9,47.8,56.8,49.8,26.7,26.1,27.1,215.89,32.8,139.4,178.5,145.46,312.37,497.7,269.3,48.3,519.95,53.9,258.32,132.1,5109.99,144.4,1026.9304,22.1,845.67,33.3,1.08,20.61,5.83,13.7,238.8,130.61,48.16,47.18,634.27,56.76,2084.97,45.6,451.5,69.9,449.31,21,52.25,WAW,Poland,Europe,Eastern Europe,Transition
Toronto,88.77,40059.98,88.8,88.7,47656.25,25.01,17.56,111.54,48343.16,111.5,109.2,83.58,25437.08,83.6,83.4,70.98,30183.08,71,71.3,115.84,36004.11,115.8,115.6,65.19,44497.35,65.2,67.1,67.9,78998.38,67.9,71,83.99,178830.97,84,82.1,58754.34,118.7,115.1,61.08,51565.85,61.1,63.1,103.22,42422.02,103.2,102.4,84.56,61587.28,84.6,85.1,66.17,75732.56,66.2,69.6,72.56,28013.05,72.6,72.8,91.77,39533.91,91.8,91.8,6.6,21.4,116.7,17.7,93.2,1906,1,0.7891,CAD,107.1,101.5,107.9,81,71.6,86.7,82.2,87.3,98.5,15,61.6,78.85,69.04,148.27,117.3,63.5,60.1,646.69,72.9,349.27,104.2,4033.09,148.8,1058.370511,34.8,1333.38,121.6,2.52,75.31,12.23,60.56,323.67,135.11,76.15,74.11,996.32,80.96,2973.85,78.7,778.64,105.2,676.63,-79.383,43.653,YTO,Canada,Americas,North America,Industrialized
Vilnius,33.6,15162.1,33.6,34.2,12837.93,6.93,5.24,34.19,14818.45,34.2,34.8,27.91,8492.93,27.9,28.2,27.85,11841.6,27.8,28.3,40.68,12643.26,40.7,41.1,34.25,23378.49,34.2,36.4,26.36,30662.23,26.4,30.1,9.73,20722.8,9.7,12.3,22398.72,45.3,46.4,11.61,9805.16,11.6,12.6,31.7,13025.76,31.7,32.2,14.8,10777.7,14.8,15.8,20.28,23209.29,20.3,23.1,19.4,7491.39,19.4,19.7,23.72,10217.67,23.7,24.1,11,13.3,161.4,24.5,90.5,1852,1,1.2335,EUR,40.1,41,43.6,59.9,51.6,24,24.5,26.1,260.32,39.5,228.7,292.9,210.34,451.71,510.5,276.1,39.9,429.06,52.8,252.75,119.4,4619.06,114,811.161935,19,728.69,35.4,0.97,21.94,6.48,14.49,184.1,63.83,49.03,49.55,666.19,59.87,2198.95,84.8,839.25,92.4,594.12,25.317,54.683,VNO,Lithuania,Europe,Eastern Europe,Transition
Riga,27.59,12449.2,27.6,26.5,10201.83,5.34,3.8,25.26,10946.18,25.3,24.2,34.36,10456.31,34.4,32.7,21.86,9295.66,21.9,20.9,34.16,10617.96,34.2,32.5,14.49,9893.76,14.5,14.5,11.27,13106.14,11.3,12.1,9.04,19242.6,9,10.7,11080.47,22.4,21.6,11.54,9741.06,11.5,11.7,24.61,10114.7,24.6,23.6,12.69,9244.73,12.7,12.8,18.49,21162.06,18.5,19.8,19.1,7373.81,19.1,18.3,24.63,10608.98,24.6,23.6,11,17.8,140.4,21.3,93.3,1909,1,1.2335,EUR,32.1,31.4,32.8,57.7,50.5,18.5,18.1,18.9,345.96,52.5,227.9,291.81,251.39,539.86,677,366.2,47.6,512.4,49.3,235.91,103.7,4013.79,86.5,615.17112,22.5,862.42,32.1,1.68,19.88,8.33,9.87,197.67,60.13,78.94,50.16,674.41,57.67,2118.18,70,693.08,73.3,471.32,24.1,56.95,RIX,Latvia,Europe,Eastern Europe,Transition
Helsinki,82.75,37344.62,82.8,79.1,37978.15,21.7,14.99,91.25,39548.48,91.3,86.2,94.96,28898.44,95,92,90.17,38344.58,90.2,85.6,111.93,34788.81,111.9,107.4,51.65,35255.07,51.6,52,42.95,49964.56,42.9,43.8,44.54,94843.82,44.5,45.7,46935.5,94.8,87.8,44.96,37956.99,45,45.4,97.5,40071.48,97.5,91.8,61.2,44573.76,61.2,59.5,52.75,60365.85,52.7,52.3,91.34,35261.65,91.3,87.9,83.82,36111.12,83.8,80.5,9.8,20.6,188.6,28.7,85.6,1750,1,1.2335,EUR,82,73.5,81.2,91.8,84.1,75.2,67.5,74.5,157.76,24,120.8,154.74,137.14,294.51,174.8,94.5,72.5,780.31,86.8,415.78,130.5,5050.64,151.4,1077.174433,53.5,2050.62,89,3.58,55.1,17.6,33.92,265.61,117.48,100.8,78.09,1049.79,91.76,3370.2,102.5,1014.43,110.2,708.76,24.967,60.167,HEL,Finland,Europe,Western Europe,Industrialized
Stockholm,89.6,40433.55,89.6,78.6,46199.42,24.76,15.7,95.06,41200.56,95.1,83.3,125.41,38167.36,125.4,109.1,98.1,41714.78,98.1,86,141.83,44079.64,141.8,123.4,62.7,42799.04,62.7,57.3,74.68,86882.94,74.7,68,51.12,108845.84,51.1,48.8,52287.79,105.6,93.3,57.1,48208.34,57.1,53.1,103.27,42442.72,103.3,90.4,68.91,50188.53,68.9,63.4,80.03,91597.02,80,71.9,106.16,40985.44,106.2,92.8,98.92,42612.78,98.9,86.7,6.5,29.6,171.1,26,91.2,1866,1,0.1234,SEK,96.4,83.7,87.7,89,79.8,85.8,74.5,78.1,141.42,21.5,145.4,186.19,128.41,275.76,156.7,84.8,73.6,791.42,84.6,405.04,119.2,4611.01,162.6,1156.912422,43.4,1665.6,93.7,5.43,58.04,19.91,32.7,232.29,143.3,111.04,83.34,1120.34,89.05,3270.73,102.5,1014.26,98,629.95,18.05,59.333,STO,Sweden,Europe,Western Europe,Industrialized
Buenos Aires,23.65,10670.8,23.6,22.6,12442.77,6.94,4.77,31.12,13488.5,31.1,29.1,32.6,9920.96,32.6,31.2,23.11,9828,23.1,22.3,25.84,8029.64,25.8,25.2,27.78,18963.44,27.8,26,21.17,24629.27,21.2,20.6,12.31,26208,12.3,13.1,17148.09,34.6,31.7,11.37,9598.25,11.4,11.7,18.4,7560,18.4,18.1,10.21,7437.83,10.2,10.6,22,25177.6,22,21.3,31.71,12240.8,31.7,29.9,25.21,10858.82,25.2,24.1,17,13.4,103.1,15.7,87.6,1792,1,0.0504,ARS,36.1,31.3,35.6,66.6,56.7,24.1,20.8,23.7,349.65,53.1,201.7,258.3,141.68,304.26,869,470.1,42.8,460.42,46.5,222.46,141.7,5481.45,126.3,898.069284,17.3,663.45,33.7,0.33,20.86,6.35,14.18,206.78,81.16,57.58,66.74,897.19,66.6,2446.11,67.4,666.86,63.3,407.02,-58.367,-34.583,BUE,Argentina,Americas,South America,Developing
Ljubljana,46.46,20967.03,46.5,38.8,22257.82,11.75,7.17,44.88,19452.3,44.9,37.7,60.52,18418.62,60.5,50.7,41.18,17510.77,41.2,35,57.36,17829.01,57.4,48.3,53.79,36716.36,53.8,44.7,36.05,41944.76,36.1,31.7,20.99,44697.11,21,20.2,27227.46,55,45.4,29.24,24684.8,29.2,25.6,68.91,28318.69,68.9,56.3,38.4,27968.38,38.4,32.9,28.59,32723.93,28.6,25.9,45.91,17725.4,45.9,38.9,44.42,19134.05,44.4,37.4,22.1,16.7,152.2,23.1,92.6,1895,1,1.2335,EUR,58.8,49.3,51.5,69.2,60.6,40.7,34.1,35.7,142.71,21.7,108.8,139.29,160.95,345.63,381.3,206.3,50,538.27,73.1,350.2,127.5,4933.96,149.5,1063.338675,26.9,1031,36.8,1.73,22.77,7.16,13.88,224.15,97.32,66.24,62.36,838.34,69.25,2543.43,77,762.4,88.4,568.46,14.483,46.067,LJU,Slovenia,Europe,Eastern Europe,Transition
Mexico City,8.78,3963.17,8.8,10.8,6225.18,2.37,2.08,12.19,5284.62,12.2,14.9,12.94,3938.89,12.9,15.8,8.04,3419.68,8,10,9.83,3056.11,9.8,12.2,14.93,10190.31,14.9,17.9,12.72,14793.42,12.7,15.9,6.45,13733.9,6.5,8.9,6261.15,12.6,15.4,10.15,8571.43,10.2,12.6,16.9,6946.84,16.9,20.2,8.37,6096.92,8.4,10.6,11.44,13093.12,11.4,14.4,10.14,3915.15,10.1,12.5,20.79,8956.42,20.8,24.2,1.8,9.8,125,19,128.2,2622,1,0.0537,MXN,16.1,26.4,20.3,51,46,8.2,13.4,10.3,571.96,86.8,170.7,218.65,163.67,351.49,1178.4,637.5,52.5,564.85,43.1,206.2,112.5,4352.93,105.4,749.7805815,26.3,1008.92,49.3,0.29,30.54,2.52,27.73,301.45,93.06,55.51,49.41,664.22,50.99,1872.72,45.5,450.09,61.5,395.15,-99.117,19.433,MEX,Mexico,Americas,North America,Developing
Johannesburg,23.06,10405.99,23.1,25.2,16163.65,7.2,5.59,23.49,10179.72,23.5,25.7,28.16,8571.26,28.2,30.5,20,8505.39,20,21.8,14.86,4618.41,14.9,16.1,33.26,22706.75,33.3,36.8,26.77,31138.97,26.8,30.9,26.74,56926.22,26.7,31.3,20441.93,41.3,44.5,21.19,17894.53,21.2,24.4,45.65,18760.94,45.7,49.2,22.39,16306.66,22.4,25.6,35.43,40549.09,35.4,39.4,20.76,8013.77,20.8,22.6,35.29,15204.27,35.3,38.6,1,19.7,96.2,14.6,109.7,2244,1,0.0842,ZAR,40.1,48.8,44.6,62.3,55.7,25,30.4,27.8,178.63,27.1,90.9,116.39,68.41,146.9,539.6,291.9,35.7,383.75,54.2,259.76,137.8,5331.52,118.1,840.3817354,30,1149.87,38.9,0.69,24.1,12.26,11.15,166.25,98.61,60.61,56.16,754.99,62.27,2287.11,39.5,391.31,52.4,336.59,28.05,-26.183,JNB,South Africa,Africa,Southern Africa,Developing
Nicosia,50.12,22619.31,50.1,62.3,27478.41,14.52,12.62,55.91,24231.9,55.9,69.4,65.73,20003.26,65.7,80.9,34.81,14802,34.8,43.2,78.25,24320.51,78.3,96.4,35.15,23996.51,35.2,45.5,45.87,53366.35,45.9,56,37.66,80177.5,37.7,47.8,31482,63.6,76.8,28.07,23696.36,28.1,37,174.08,71543,174.1,180.6,35.34,25741.29,35.3,46,43.81,50142.6,43.8,54.1,62.54,24145.76,62.5,77.4,47.62,20513.1,47.6,59.1,7.7,3.8,158.3,24.1,92.5,1892,1,1.2335,EUR,69.4,83,86.5,72.6,62.1,50.3,60.2,62.7,127.49,19.4,69.9,89.45,66.92,143.71,99.8,54,47.7,512.74,66.9,320.59,115.3,4460.37,175,1244.891372,20.9,801.77,18.8,2.47,11.64,9.17,,274.76,101.76,52.42,59.4,798.52,72.63,2667.83,67.3,666.54,97,623.77,33.383,35.183,NIC,Cyprus,Asia,Middle East,Developing
Cairo,5.38,2427.51,5.4,6.3,2559.15,1.36,1.23,1.99,860.32,2,2.5,7.32,2226.27,7.3,8.1,3.51,1494.24,3.5,5.6,2.62,815.04,2.6,3.2,5.44,3716.73,5.4,6.2,7.96,9257.24,8,10,1.59,3396,1.6,2.2,4408.51,8.9,9.9,2.59,2188.53,2.6,3.1,3.64,1494.24,3.6,5.8,4.32,3144.44,4.3,4.9,7.23,8269.89,7.2,9.1,4.89,1886.67,4.9,8.4,5.65,2433.8,5.6,6.6,13,5.4,157.9,24,92.3,1888,1,0.0566,EGP,13.6,16.9,17.6,34.6,29.8,4.7,5.8,6.1,666.87,101.2,133.9,171.51,170.68,366.54,1970.9,1066.2,29.1,313.54,36.9,176.68,98.3,3803.14,80.1,569.63655,10.5,403.28,5.3,0.11,3.3,1.25,1.94,172.84,75.25,24.48,24.88,334.53,34.64,1272.37,44.1,436.55,60.8,390.87,31.366667,30.05,CAI,Egypt,Africa,North Africa,Developing
Riyadh,35.45,15996,35.4,43,19727.31,9.8,8.82,14.76,6398.4,14.8,17.9,73.58,22394.4,73.6,88.5,26.33,11197.2,26.3,31.9,25.73,7998,25.7,31,46.87,31992,46.9,59.2,27.5,31992,27.5,37.3,24.97,53160.04,25,37.4,19195.2,38.8,47.3,30.95,26133.2,31,39.8,40.03,16450.55,40,48.4,58.08,42301.42,58.1,73.8,33.54,38390.4,33.5,45.5,40.18,15512.92,40.2,48.6,59.41,25593.6,59.4,72,10,0,243.4,37,98.4,2013,1,0.2666,SAR,59.6,83.1,77,57,49,34,47.4,43.9,161.26,24.5,41.1,52.59,74.95,160.95,240.8,130.2,40.8,439.26,43.7,209.39,103.3,3995.93,97,690.1574175,17.1,653.91,32.9,,20.38,3.95,16.43,202.48,78.31,65.32,55.16,741.56,56.99,2093.45,38.9,385.5,60.4,388.38,46.716667,24.633333,RUH,Saudi Arabia,Asia,Middle East,Developing
Seoul,55.3,24957.56,55.2,60.2,26615.98,11.54,9.25,66.03,28618.75,65.9,71.3,55.2,16799.85,55.1,61.1,55.34,23532.22,55.2,60.3,76.53,23786.85,76.4,82.8,43.22,29500.67,43.1,48.6,37.11,43170.34,37,44.2,32.54,69292.41,32.5,41.1,36425.56,73.5,79.2,34.92,29484.86,34.9,40,51.41,21128.69,51.3,56.4,46.59,33935.08,46.5,52.4,25.51,29190.13,25.5,30.8,44.67,17247.02,44.6,49.6,53.67,23122.31,53.6,58.6,8.3,11.2,93.4,14.2,112.8,2307,100,0.0932,KRW,45.3,58.5,52.1,88.3,77.4,40,51.6,46,189.11,28.7,68.4,87.65,52.07,111.83,271.3,146.8,93.2,1002.23,123.7,592.57,134.9,5219.43,90,640.516922,34.7,1332.19,59.1,1.49,36.59,6.99,28.11,276.55,128.49,64.33,52.69,708.33,88.27,3242.18,95.2,942.36,132.7,853.21,127,37.567,SEL,South Korea,Asia,East Asia,Industrialized
Manila,7.18,3241.14,7.2,9.3,7361.15,3.22,2.7,6.87,2979.1,6.9,8.9,18.89,5749.06,18.9,23.9,5.24,2226.82,5.2,6.8,6.56,2038.93,6.6,8.4,6.51,4442.68,6.5,8.8,13.24,15408.22,13.2,16.6,6.36,13531,6.4,8.9,3746.19,7.6,9.8,10.02,8455.9,10,12.8,9.78,4020.64,9.8,12.7,7.65,5571.22,7.6,10.3,43.73,50044.76,43.7,48.5,6.61,2552.09,6.6,8.5,10.14,4370.19,10.1,13.2,3,4.7,92.5,14.1,111.9,2289,1,0.0193,PHP,24.6,33,29.6,45.2,39.3,11.1,14.9,13.4,407.97,61.9,101.6,130.12,72.11,154.85,823.2,445.3,36.4,391.16,44.7,214.04,104.6,4048.6,93.2,663.004521,16,613.63,6,0.43,3.7,2.11,1.16,187.59,57.57,25.32,34.93,469.55,45.24,1661.76,32.1,317.48,45.4,291.78,120.95,14.583,MNL,Philippines,Asia,East Asia,Developing
Brussels,67.35,30395.08,67.4,52.5,32562.3,17.87,9.96,83.15,36037.94,83.2,62.6,100.31,30529.35,100.3,77.5,58.59,24916.7,58.6,47,93.65,29106.49,93.7,72.9,52.25,35665.76,52.2,41.1,62.07,72212.79,62.1,46.4,24.08,51275.98,24.1,21.2,36867.67,74.5,56.3,43.17,36444.99,43.2,34.4,70.83,29110.6,70.8,55.5,56.73,41320.61,56.7,43.7,46.78,53537.17,46.8,37,87.94,33951.68,87.9,66.8,76.29,32864.96,76.3,58.5,13.1,31,175,26.6,89.1,1822,1,1.2335,EUR,71.9,53.7,57.5,86.1,76.8,61.9,46.3,49.5,177.44,26.9,155.7,199.35,124.75,267.91,256.2,138.6,70.8,761.36,71.5,342.27,142.9,5529.78,193.4,1375.324746,40.2,1540.85,71.6,2.59,44.35,14.56,27.2,285.56,174.54,91.74,85.84,1154.07,86.1,3162.66,69.3,685.64,89.9,578.06,4.333,50.833,BRU,Belgium,Europe,Western Europe,Industrialized
Panama City,,,,,,,,,,,,,,,,,,,,,,,,,,,,,,,,,,,,,,,,,,,,,,,,,,,,,,,,,,,,,,,,,,,,,,,,,,,,,,,,,,,,,,,,,,,,,,,,,,,0.58,,4.68,25,212,35.4,68.25,76.42,1027.31,83.08,3051.68,,,,,-79.516667,8.983333,PTY,Panama,Americas,Central America,Developing
Taipei,40.71,18369.96,40.7,50.4,31593.47,14.61,12.63,59.43,25756.91,59.4,72.2,52.33,15925.8,52.3,64.3,44.39,18878.4,44.4,55,72.82,22631.28,72.8,88.5,58.47,39915.2,58.5,72.6,75.78,88156.2,75.8,94.2,65.12,138646.8,65.1,83.6,26995.2,54.5,66.6,31.38,26493.8,31.4,40.4,117.5,48290.4,117.5,137.5,39.83,29010.42,39.8,50.4,49.77,56965.8,49.8,64.1,34.18,13197.4,34.2,42.2,40.4,17404,40.4,50,3.2,8.1,73.7,11.2,105.7,2163,1,0.0342,TWD,64.3,83,79.8,78.7,72.7,50.6,65.3,62.8,79.18,12,130,166.51,85.1,182.75,171.4,92.7,71.7,771.25,91.7,439.26,109.3,4226.86,110.2,783.5733,48.6,1861.37,32.3,0.51,19.99,6.41,13.07,383.66,113.07,124.71,78.18,1051.05,78.69,2890.42,91.9,910,105,674.8,121.5,25.05,TPE,Taiwan,Asia,East Asia,Industrialized
Madrid,68.54,30929.33,68.5,57.3,31108.14,16.81,10.06,94.64,41017.98,94.6,76.1,74.2,22582.64,74.2,63.8,46.41,19736,46.4,40.6,73.87,22958.18,73.9,63.5,52.93,36129.22,52.9,45.1,49.89,58045.77,49.9,41.7,34.18,72776.5,34.2,30.2,37891.75,76.6,62.6,43.18,36456.78,43.2,37.4,48.02,19736,48,42,53.5,38967.63,53.5,45.4,56.22,64347.58,56.2,46,64.43,24875.58,64.4,55.3,69.51,29946.64,69.5,58.3,6.2,33.1,178.1,27.1,90.5,1851,1,1.2335,EUR,77.1,62.9,66.2,75.6,66.9,58.3,47.6,50,182.94,27.8,93.4,119.56,96.9,208.1,259.8,140.5,65.2,701.2,62.4,298.7,120,4642.77,221.3,1574.06935,32.6,1251.66,75.2,2.06,46.59,13.46,31.07,301.32,163.36,106.49,68.11,915.72,75.57,2775.75,92.5,915.39,102.8,660.6,-3.7,40.433,MAD,Spain,Europe,Western Europe,Industrialized
Amsterdam,79.23,35756.49,79.2,66.3,38227.55,21.31,12.92,83.89,36360.09,83.9,70.1,138.11,42030.9,138.1,113.8,105.5,44864.86,105.5,86.5,128.21,39846.98,128.2,106,52.66,35945.42,52.7,45.9,58.04,67523.23,58,50,25.44,54175.32,25.4,25,47205.43,95.4,78,57.7,48717.9,57.7,49.5,87.81,36087.28,87.8,73.3,66.37,48339.01,66.4,56.3,58.42,66862.48,58.4,50.3,83.87,32380.61,83.9,70.3,88.51,38131.8,88.5,73.8,25.9,13.3,205.4,31.2,87.7,1794,1,1.2335,EUR,90.1,73.5,78.4,82,74.5,73.9,60.3,64.2,139.61,21.2,99.5,127.46,94.03,201.94,196,106,57.7,620.98,70.9,339.38,131.9,5104.53,142.9,1016.262148,44.7,1712.71,79.1,3.39,49,15.28,30.33,214.01,98.68,94.05,77.24,1038.37,81.96,3010.4,93.5,925.51,97.4,626.04,4.9,52.383,AMS,Netherlands,Europe,Western Europe,Industrialized
Kuala Lumpur,24.39,11006.46,24.4,27.7,12453.45,5.92,4.83,18.57,8049.44,18.6,21.3,27.35,8323.6,27.3,31.1,21.65,9205.2,21.6,24.8,20.19,6276.58,20.2,23.2,26.5,18090.77,26.5,30.4,30.98,36036.65,31,35.3,14.41,30684,14.4,18.5,6500.46,13.1,15.3,11.76,9926.84,11.8,14.3,37.33,15342,37.3,41.4,15.02,10938.28,15,17.9,26.78,30649.91,26.8,31.1,32.23,12444.07,32.2,36.2,21.13,9102.92,21.1,24.2,12.7,4.4,115.4,17.5,102.9,2105,1,0.2557,MYR,35.8,43.6,42,57.3,48.1,20.5,25,24,208.96,31.7,150.6,192.83,114.92,246.79,448.5,242.6,36.2,389.7,92.8,444.17,96.2,3721.01,71.7,509.853015,11.7,449.61,23.9,0.78,14.81,2.33,11.7,115.43,47.63,105.6,43.63,586.53,57.26,2103.28,50.1,496.1,57.9,371.94,101.7,3.167,KUL,Malaysia,Asia,East Asia,Developing
Lyon,61.45,27733.19,61.5,60.9,34303.2,19.18,13.47,79,34237.57,79,77,104.08,31675.05,104.1,101.3,74.35,31617.07,74.4,72.9,95.04,29538.35,95,93,44.9,30647.54,44.9,46,59.08,68734.32,59.1,58.1,46.95,99975.18,47,48.5,34173.09,69,67.8,44.97,37970.21,45,46.3,71.19,29258.62,71.2,70.2,52.48,38225.62,52.5,53.3,59.15,67701.26,59.2,58.2,69.11,26681.43,69.1,68.6,75.09,32349.5,75.1,73.5,21.5,7.4,187.8,28.5,87.4,1788,1,1.2335,EUR,83.7,77.9,84.3,79.4,68.7,66.5,61.9,67,163.8,24.9,81.5,104.42,87.65,188.23,196.2,106.2,58.6,630.06,77.1,369.25,107.9,4173.8,148.7,1057.565895,25.9,992.15,70.9,2.34,43.89,15.65,25.9,213.89,105.43,79.87,77.36,1040.06,79.44,2917.96,50.2,497.25,69.1,444.15,4.834167,45.766944,LYS,France,Europe,Western Europe,Industrialized
Beijing,20.61,9301.45,20.6,23.1,11137.74,5.31,4.22,22.59,9792.19,22.6,25.1,18.46,5618.75,18.5,20.8,19.37,8238.73,19.4,21.7,26.88,8354.47,26.9,29.9,15.69,10711.4,15.7,18,33.39,38847.22,33.4,36.4,10.67,22727.52,10.7,13.5,6767.75,13.7,15.5,15.62,13187.01,15.6,17.8,20.74,8522.82,20.7,23.5,13.93,10143.21,13.9,16.2,28.32,32407.76,28.3,31.2,16.35,6313.2,16.4,18.4,17.87,7697.9,17.9,20.1,10.2,8.7,63.6,9.7,102.5,2096,1,0.1578,CNY,28.1,32,32,65.1,60.1,18.4,21,21,336.17,51,63.5,81.33,98.72,212.01,581,314.3,48.8,524.95,71.4,342.05,97.4,3768.66,105.1,747.64071,40,1532.27,16.8,0.63,10.43,2.78,7.02,257.82,67.51,50.98,46.1,619.69,65.12,2391.88,55.9,552.99,81.8,525.72,116.391389,39.905556,PEK,China,Asia,East Asia,Transition
Chicago,113.22,51094.33,113.2,116.9,54905.72,25.86,19.09,84.94,36812.33,84.9,89,108.87,33131.83,108.9,113.2,110.2,46864,110.2,114.7,98.92,30744.67,98.9,103,71.67,48924.78,71.7,77.5,87.54,101839.33,87.5,93,91.57,194978,91.6,99.5,53728.83,108.5,112.2,87.98,74281.17,88,93.2,87.66,36027,87.7,91.7,89,64824,89,94.1,85.1,97393.22,85.1,90.5,100.55,38819.67,100.6,105,93.05,40088,93.1,97.4,7.5,17.2,92.3,14,103.8,2124,1,1,USD,96.7,105.8,102.4,92.7,86.7,89.6,98.1,94.9,92.18,14,124.2,159.02,110.09,236.43,101.7,55,58.3,626.94,98.9,473.69,96.2,3721.2,194.2,1381.087487,62.7,2404.08,45.9,2.44,28.44,8,18,219.51,105.93,121.4,91.06,1224.21,92.72,3405.82,103.2,1021.6,161.6,1039.06,-87.639,41.874,CHI,United States,Americas,North America,Industrialized
Lima,18.05,8145.98,18.1,19.3,10900.78,5.36,4.15,16.54,7167.35,16.5,17.8,16.16,4917.15,16.2,17.3,18.35,7805.05,18.4,19.7,20.95,6510.17,20.9,22.4,15.13,10329.61,15.1,16.7,21.54,25061.92,21.5,24.8,16.81,35786,16.8,21.1,10616.24,21.4,22.8,10.66,8997.92,10.7,12,36.18,14869.7,36.2,37.7,12.73,9270.51,12.7,14.2,37.43,42835.5,37.4,42.2,13.69,5283.65,13.7,14.7,20.54,8849.29,20.5,21.9,13,8.5,197.4,30,99.4,2033,1,0.3085,PEN,32.6,38.4,36.3,57,49.2,18.6,21.8,20.7,365.92,55.6,113,144.72,114.1,245.03,713.8,386.1,49.7,534.88,53,253.82,105.6,4086.26,124,881.6564342,18.2,698.03,146.5,0.59,90.75,4.94,85.22,304.6,56.46,53.31,39.57,532.03,56.97,2092.54,28.3,280.36,51.3,329.75,-77.033,-12,LIM,Peru,Americas,South America,Developing
New York,100,45128.22,100,100,59019.65,28.85,20.11,100,43340.5,100,100,100,30433.67,100,100,100,42524.5,100,100,100,31080,100,100,100,68262,100,100,100,116337,100,100,100,212918.5,100,100,49499,100,100,100,84430.33,100,100,100,41097,100,100,100,72833.33,100,100,100,114447.67,100,100,100,38606.5,100,100,100,43080,100,100,7.5,20.9,100,15.2,100,2046,1,1,USD,100,100,100,100,100,100,100,100,100,15.2,100,128.05,100,214.75,100,54.1,100,1075.62,100,478.88,100,3868.83,100,711.2921783,100,3833.66,100,2.91,61.93,16.35,42.67,565.22,246.5,144.03,100,1344.38,100,3673.04,100,989.82,100,642.9,-73.994,40.752,NYC,United States,Americas,North America,Industrialized
Vienna,79.23,35752.86,79.2,73.5,47135.83,25.87,16.32,91.57,39685.26,91.6,83,112.22,34153.01,112.2,104.3,89.34,37991.8,89.3,81.7,105.25,32711.73,105.3,98.9,57.99,39584.39,58,54.8,67.27,78265.3,67.3,59.2,101.38,215862.5,101.4,90.7,50258.14,101.5,88,53.48,45154.18,53.5,50.1,,,,,70.77,51543.31,70.8,63.5,68.4,78278.53,68.4,60.1,82.4,31811.97,82.4,78.4,85.63,36890.15,85.6,78.8,17.3,16.3,168,25.5,89.1,1822,1,1.2335,EUR,108,90.9,97.8,83,72.8,89.7,75.5,81.2,117.59,17.9,88.5,113.36,110.85,238.05,154.9,83.8,67.3,724.34,88.4,423.26,117.1,4528.95,186.7,1327.631469,32.4,1243.98,97,3.02,60.1,13.17,43.91,270.44,133.83,85.73,72.29,971.89,83.01,3049.07,74.3,735.34,101.5,652.43,16.333,48.233,VIE,Austria,Europe,Western Europe,Industrialized
Tokyo,94.29,42549.31,94.3,97.3,45640.6,22.86,17.15,90.86,39380.73,90.8,94.7,109,33172.44,109,114.6,76.69,32610.27,76.7,81.3,101.92,31677.67,101.9,107.4,71.1,48535.21,71.1,75.2,55.84,64960.99,55.8,61.6,61.08,130048.04,61.1,70.1,58982.83,119.1,119.2,55.01,46441.42,55,59.6,177.49,72942.2,177.4,173.5,80.38,58544.25,80.4,83.8,54.11,61928.08,54.1,59.8,93.19,35975.53,93.2,98.2,90,38772.42,90,94,14.6,9.8,121.5,18.5,97.6,1997,100,0.9292,JPY,79.6,84.8,85.7,99.5,89.7,79.2,84.3,85.3,80.67,12.2,146.9,188.05,106.24,228.15,130.7,70.7,83.2,894.99,110.5,529.01,106.6,4125.64,153.5,1091.769735,50.9,1951.47,84.3,2.34,52.22,17.02,32.86,391.11,199.65,121.26,98.07,1318.49,99.49,3654.46,84.2,833.19,141.7,911.17,139.75,35.667,TYO,Japan,Asia,East Asia,Industrialized
Mumbai,7.17,3237.68,7.2,8.5,5800.45,1.75,1.48,6.84,2964.84,6.8,8.1,10.36,3152.7,10.4,12.2,6.56,2790,6.6,7.8,7.17,2226.9,7.2,8.4,11.16,7619.2,11.2,13.5,13.55,15767.12,13.6,16.2,6.55,13950,6.6,8.7,4909.66,9.9,11.8,9.35,7892.08,9.3,11.5,14.18,5826.26,14.2,16.6,6.5,4734.48,6.5,8.1,14.06,16095.9,14.1,16.7,11.52,4445.9,11.5,13.6,14.9,6417,14.9,17.4,12,2.2,68.4,10.4,162,3315,1,0.0155,INR,13,25.1,15.8,46.6,41.5,6.1,11.7,7.3,580.36,88.1,178.2,228.15,197.83,424.83,1696.7,917.8,32.3,347.41,58.5,280.01,104.2,4031.82,109.7,780.5645127,21.4,821.26,10.2,0.23,6.29,1.72,4.34,189.24,103.67,23.25,24.63,331.09,46.6,1711.73,60,594.02,78.4,504.26,72.8,19,BOM,India,Asia,South Asia,Developing
Oslo,105.19,47471.18,105.2,94.9,51668.71,29.02,19.18,115.61,50106.03,115.6,104.1,144.42,43951.23,144.4,129.6,126.29,53705.54,126.3,113.4,138.56,43064.52,138.6,124.5,81.72,55782.38,81.7,76.4,61.32,71332.27,61.3,61.2,61.46,130869.12,61.5,63,55225.71,111.6,100.8,64.91,54804.08,64.9,61.9,202.76,83330,202.8,177.8,81.03,59017.58,81,76.1,66.96,76635.11,67,66.6,109.35,42217.57,109.4,98.9,102.96,44354.66,103,93.1,8.2,25.5,171.5,26.1,87,1780,1,0.1282,NOK,93.4,80.6,88.5,107.8,96.9,100.6,86.9,95.4,146.6,22.3,176.9,226.58,134.69,289.25,135.8,73.5,88.2,948.4,104.3,499.44,138.6,5362.14,178.8,1271.51965,53.2,2039.45,147,4.49,91.01,26.01,60.51,387.16,164.06,108.33,95.87,1288.86,107.76,3958.13,82,811.5,92.6,595.56,10.75,59.917,OSL,Norway,Europe,Western Europe,Industrialized
Geneva,150.69,68001.48,150.7,145,74889.27,37.93,26.76,179.29,77704.54,179.3,172.8,170.63,51930.2,170.6,163.8,140.61,59793.92,140.6,135.5,223.83,69565.27,223.8,213.5,106.61,72772.93,106.6,106.7,102.66,119426.86,102.7,108.2,63.57,135347.06,63.6,72.8,92859.68,187.6,179.5,107.45,90718.88,107.4,108.5,193.89,79681.06,193.9,183.8,143.28,104359.21,143.3,142.2,127.43,145840.26,127.4,131.4,144.76,55886.79,144.8,139.5,176.45,76015.92,176.5,169.2,7.2,22,164,24.9,96.5,1975,1,1.0598,CHF,115.9,118,117.4,113.4,102.9,131.5,133.8,133.1,101.71,15.4,80,102.46,84.22,180.86,87.8,47.5,89.8,965.85,147.4,705.77,125.1,4840.36,191.9,1364.982658,61,2339.95,154.1,3.18,95.45,21.26,71.01,413.06,173.01,114.46,104.05,1398.79,113.39,4164.99,133.1,1316.99,182.2,1171.23,6.167,46.2,GVA,Switzerland,Europe,Western Europe,Industrialized
Doha,27.58,12445.78,27.6,37.1,20802.27,9.25,9.25,22.25,9643.96,22.3,30,51.47,15663.47,51.5,68.7,15.42,6556.8,15.4,20.7,15,4662.61,15,20,56.03,38248,56,78.7,34.76,40433.6,34.8,52.4,38.49,81960,38.5,64.1,20490,41.4,56.1,27.5,23222,27.5,39.3,159.54,65568,159.5,214.5,43.51,31691.2,43.5,61.4,29.49,33755.38,29.5,44.4,37.65,14534.24,37.6,50.6,38.47,16574.13,38.5,51.8,0,0,210.5,32,110,2250,1,0.2732,QAR,50.2,85,72,63.8,64,32.1,54.3,46,151.78,23,86.5,110.79,252.79,542.88,204.5,110.6,45.7,491.24,65.9,315.54,91.2,3529.27,97.9,696.66,64.3,2464.97,9.1,0.89,5.64,4.75,,217.26,99.31,72.4,71.93,966.99,63.85,2345.21,44.6,441.49,49.8,320.12,51.533333,25.286667,DOH,Qatar,Asia,Middle East,Developing
Lagos,1.48,666.14,1.5,1.7,1655.81,2.72,2.25,3.46,1498.82,3.5,3.9,3.83,1165.75,3.8,4.3,1.96,832.68,2,2.3,6.43,1998.43,6.4,7.2,2.93,1998.43,2.9,3.4,6.3,7327.58,6.3,7.3,1.56,3330.72,1.6,2.1,2331.5,4.7,5.3,1.18,999.22,1.2,1.4,3.65,1498.82,3.7,4.1,2.52,1831.9,2.5,3,1.75,1998.43,1.7,2.2,2.16,832.68,2.2,2.5,4.25,1831.9,4.3,4.8,8,8.5,39.9,6.1,29.8,609,100,0.2776,NGN,23.2,7.9,27.6,40.6,33.9,9.4,3.2,11.2,657.05,99.8,72.1,92.37,68.82,147.79,939.1,508,29.2,314.13,32.7,156.8,61.8,2390.21,69.7,495.99972,6.8,261.18,21.4,0.49,13.24,9.71,3.04,233.01,169.31,13.88,42.6,572.77,40.65,1493.07,18.2,180.21,19.9,128.09,3.384082,6.455027,LOS,Lagos,Asia,East Asia,Developing
Montreal,90.83,40988.91,90.8,82,45421.64,23.33,14.78,111.44,48297.92,111.4,98.6,116.04,35316.23,116,104.9,67.55,28723.24,67.5,61.5,97.93,30436.27,97.9,88.6,56.28,38416.63,56.3,53.3,92.79,107951.69,92.8,82.9,90.43,192540.4,90.4,80.7,43425.97,87.7,79.1,57.54,48582.22,57.5,54,86.4,35509.5,86.4,78.6,64.28,46814.59,64.3,59.9,72.31,82762.3,72.3,67.7,59.52,22978.59,59.5,54.1,91.8,39548.65,91.8,83.1,6.6,28.1,123.7,18.8,95.2,1947,1,0.7891,CAD,99.4,87.3,90.3,81.4,68.6,80.9,71,73.5,118.31,18,78.8,100.91,74.96,160.97,117.8,63.7,52.5,564.28,86.9,416.34,88.7,3433.23,159.4,1133.711807,17.8,684.02,146.1,2.56,90.46,11.54,76.36,236.14,108.7,86.6,69.95,940.43,81.37,2988.88,86.9,859.97,105,675.19,-73.554,45.509,YMQ,Canada,Americas,North America,Industrialized
Rio de Janeiro,17.21,7766.01,17.2,21.1,13115.07,7.26,5.93,19.06,8260.49,19.1,23.2,12.42,3779.29,12.4,15.1,13.87,5896.4,13.9,17,19.61,6096.13,19.6,23.9,26.81,18299.48,26.8,31.4,32.11,37350.79,32.1,36.1,25.68,54673.45,25.7,30.7,21591.57,43.6,47.8,20.37,17200.3,20.4,24.5,46.05,18924.71,46,51.4,14.41,10496.36,14.4,18.2,27.65,31646.16,27.7,31.7,18.12,6996.65,18.1,22.1,29.54,12725.24,29.5,34.9,9,5.9,197.4,30,88.3,1807,1,0.3082,BRL,41.7,46,48.9,60.3,53,25.2,27.7,29.5,373.51,56.7,146,186.95,130.58,280.43,584.2,316,58,623.36,52.7,252.49,133.6,5168.03,90.6,644.1125735,23.8,913.3,10.6,1.33,6.54,5.21,,394.34,113.73,57.02,60.02,806.85,60.34,2216.31,36.2,358.62,51.5,331.13,-43.2,-22.95,RIO,Brazil,Americas,South America,Developing
Tallinn,35.9,16199.97,35.9,38.1,16212.38,8.81,6.93,28.8,12483.02,28.8,30.5,35.91,10927.44,35.9,37.8,52.21,22203,52.2,55.3,61.32,19059.77,61.3,64.5,33.73,23025.33,33.7,37.3,32.66,37991.8,32.7,38.8,13.21,28123.8,13.2,17.3,21972.75,44.4,47.4,18.12,15295.4,18.1,20.4,30.01,12335,30,31.8,22.72,16545.35,22.7,25.3,20.91,23929.9,20.9,24.8,37.62,14522.41,37.6,39.8,27.79,11973.17,27.8,29.4,1.6,19.7,196.5,29.9,90,1841,1,1.2335,EUR,43.5,47,49.1,70.2,60.2,30.5,33,34.5,214.48,32.6,183.4,234.88,164.06,352.32,385.4,208.5,63.2,679.97,66.9,320.29,118.2,4571.97,129.5,921.3104013,20.7,793.65,37,1.91,22.91,7.89,13.11,184.72,81.72,81.41,58.81,790.62,70.18,2577.68,88.6,877.24,165.5,1063.86,24.75,59.417,TLL,Estonia,Europe,Eastern Europe,Transition
Bangkok,28.93,13057.14,28.9,36.4,11762.81,5.32,4.92,21.13,9158.4,21.1,26.9,18.9,5751.74,18.9,23.8,14.81,6296.4,14.8,18.8,18.38,5711.28,18.4,23.2,23.85,16281.18,23.9,31.1,29.55,34376.07,29.5,38.7,12.55,26712,12.5,18.6,13685.87,27.6,35,23.24,19617.53,23.2,30.4,40.86,16790.4,40.9,50.8,12.99,9458.06,13,17.4,18.74,21452.28,18.7,25.7,18.16,7010.63,18.2,23.1,29.7,12794.87,29.7,37.4,2.6,4.6,81.1,12.3,108,2209,1,0.0318,THB,30.2,42.7,40,61.2,52.8,18.5,26.1,24.5,309.16,46.9,79.5,101.83,67.74,145.47,484.1,261.9,36.1,388.72,82.4,394.72,87.7,3391.4,77.4,550.5073625,20,765.95,10.1,0.95,6.26,2.04,3.27,167.1,106.85,54.46,33.14,445.5,61.18,2247.05,45.5,449.91,43.6,280.38,100.5,13.75,BKK,Thailand,Asia,East Asia,Developing
Frankfurt,74.36,33557.78,74.4,72.7,43844.79,24.73,17.37,85.59,37096,85.6,83.1,93.53,28463.7,93.5,91.7,69.04,29357.3,69,68,90.4,28097.49,90.4,88.8,62.88,42924.98,62.9,63.1,89.38,103981.04,89.4,92.2,85,180975.42,85,89.1,58715.7,118.6,113.9,50.48,42621.21,50.5,51.6,69.51,28567.86,69.5,68.6,94.44,68784.26,94.4,95.3,57.26,65533.39,57.3,61.5,76.14,29393.48,76.1,74.9,92.49,39842.6,92.5,89.4,19,9.6,188.6,28.7,86.7,1773,1,1.2335,EUR,105.6,97.6,106.4,81.2,73.3,85.7,79.2,86.4,110.54,16.8,152.2,194.89,125.96,270.5,150.8,81.6,81.3,874.52,78.4,375.61,117.2,4532.48,100.9,717.489945,41.7,1597.61,140.9,3.11,87.23,17.82,66.3,451.77,243.31,89.46,89.44,1202.39,81.21,2982.9,55.9,553.38,88.4,568.42,8.683,50.117,FRA,Germany,Europe,Western Europe,Industrialized
Miami,99.49,44897.67,99.5,109,53041.19,26.48,20.74,86.89,37659.11,86.9,95.7,83.43,25391.33,83.4,91.5,105.02,44658,105,115,94.15,29261.5,94.1,103.2,83.7,57134.67,83.7,93.2,86.08,100145.67,86.1,96,77.83,165707,77.8,95.2,59833,120.9,129.5,95.05,80253.33,95.1,104.9,80.22,32968,80.2,88.4,79.51,57912.56,79.5,89,89.06,101929.67,89.1,99.1,92.96,35886.83,93,102.2,83.15,35819.33,83.1,91.6,7.6,13.1,79.8,12.1,97.9,2003,1,1,USD,112.1,121.7,125.9,81.9,75.3,91.8,99.7,103.1,91.72,13.9,91,116.47,111.77,240.03,96.7,52.3,67.8,729.58,87.2,417.6,103.8,4017.57,109.3,777.7924875,49.2,1884.42,58.9,2.33,36.48,10.37,23.78,358.99,163.42,93.48,88.22,1186.04,81.91,3008.55,72.8,720.35,101.5,652.71,-80.28,25.82,MIA,United States,Americas,North America,Industrialized
Hanoi,8.87,4002.91,8.87,10.02,1219.4,4.53,3.47,4.57,1979.46,4.57,5.23,13.01,3958.92,13,14.6,18.37,7813.14,18.4,20.1,10.79,3354.09,10.8,12.2,44.02,30050.55,44,45,25.83,30050.55,25.8,28.4,4.08,8692.03,4.1,5.5,18030.33,36.4,37.8,14.24,12020.22,14.2,16,11.56,4750.7,11.6,13,33.01,24040.44,33,34.6,23.63,27045.5,23.6,26.2,21.78,8410.25,21.8,23.6,26.55,11436.88,26.5,28.3,10.5,10.1,52.6,8,131.6,2691,10000,0.4399,VND,33.3,46.8,36.6,47.2,42.3,15.7,22.1,17.3,325.49,49.42,54.9,70.33,54.87,117.84,667.3,361,62.7,674.79,53.8,257.49,98.8,3821.17,89.9,639.14564,23.2,889.59,31.6,0.32,19.56,3.35,15.89,229.49,36.46,24.47,24.46,328.8,47.18,1732.85,35.2,348.45,57,366.15,105.854167,21.028333,HAN,Vietnam,Asia,East Asia,Developing
Bogotá,12.13,5474.16,12.1,15,9650.44,4.09,3.57,13.63,5908.82,13.6,16.8,15.9,4840.2,15.9,19.5,15.92,6769.08,15.9,19.6,14.9,4631.96,14.9,18.3,16.37,11174.13,16.3,21.1,12.09,14063.76,12,16.4,8.86,18856.09,8.8,12.6,8716.37,17.6,21.9,10.69,9026.9,10.7,14,33.71,13854.06,33.6,40.8,16.17,11775.2,16.1,20.9,31.52,36077.75,31.4,35.8,12.05,4652.27,12,14.8,16.41,7070.94,16.4,20.3,8,1.7,94.7,14.4,115.2,2358,100,0.0351,COP,25.6,36.7,32,55.5,47.6,14.2,20.4,17.7,423.79,64.3,138.3,177.09,119.57,256.78,786.4,425.4,51,548.65,52.8,252.64,128.4,4969.14,122.6,872.02126,16.1,617.11,7.8,,4.8,,,,,,,,,,32.9,326.13,55.7,358.36,,,,,,,
Los Angeles,102.11,46081.78,102.1,108.1,58664.08,29.35,21.68,72.66,31491.11,72.7,78.2,112.44,34221.11,112.4,119.9,133.76,56879,133.8,137.3,126.25,39238,126.2,133.9,79.24,54093.56,79.2,85.4,74.17,86285.33,74.2,81.2,91,193758,91,94.9,63584,128.5,130.9,90.15,76116.67,90.2,94.7,92.88,38169,92.9,99.2,75.17,54745.56,75.2,81.4,91.72,104968.67,91.7,95.5,118.55,45767.89,118.5,125.3,105.4,45406.22,105.4,111.7,7.5,16.7,66.7,10.1,97.7,1999,1,1,USD,122.1,123.9,129.4,83.3,79.7,101.7,103.2,107.8,89.58,13.6,94.7,121.24,92.18,197.96,93.5,50.6,63.3,680.98,84.4,404.08,75,2901.06,121,860.9727125,64.7,2480.4,70.9,2.1,43.92,11.52,30.3,323.85,152.2,60.3,72.19,970.57,83.3,3059.58,101.8,1008.08,156.1,1003.36,-118.241,34.054,LAX,United States,Americas,North America,Industrialized
Sydney,85.46,38567.48,85.5,95.2,45164.9,23.15,18.26,105.37,45669.49,105.4,113.5,117.31,35702.21,117.3,131.8,86.89,36951.4,86.9,97.6,141.38,43939.85,141.4,152.3,68.78,46949.59,68.8,76.9,70.41,81908.35,70.4,77.4,55.39,117930,55.4,63.8,53714.23,108.5,114.6,64.75,54672,64.8,71.9,95.65,39310,95.7,106,76.27,55552.98,76.3,83.4,58.64,67115.71,58.6,66.6,90.73,35029.58,90.7,102.9,71.7,30888.93,71.7,84,2,18.3,127.2,19.3,95.4,1951,1,0.7862,AUD,87.9,96.5,99.4,91.3,84.1,80.2,88.1,90.8,95.73,14.5,70.6,90.43,108.28,232.54,125.7,68,62.6,673.48,83.1,397.73,87.5,3384.39,152.3,1083.352152,56.2,2152.88,28.9,2.72,17.92,10.4,4.8,299.94,180.43,78.62,85.11,1144.25,91.3,3353.34,78.5,777.24,94.6,608.36,151,-34,SYD,Australia,Oceania,Oceania,Industrialized
Barcelona,63.05,28452.73,63,52.6,29902.85,16.86,9.98,75.67,32793.92,75.7,61.8,93.28,28389.44,93.3,77.2,52.21,22203,52.2,44.5,83.74,26026.85,83.7,70.2,49.09,33510.08,49.1,41.7,33.69,39197.89,33.7,30.2,32.44,69076,32.4,28.7,30673.03,62,51.5,41.03,34638.96,41,35.3,84.04,34538,84,68.1,50.44,36735.46,50.4,42.6,66.22,75791.72,66.2,52,54.78,21147.67,54.8,46.8,64.42,27751.54,64.4,53.9,6.2,33.6,210.5,32,86.7,1774,1,1.2335,EUR,83.2,65.8,70.6,70.3,64.1,58.4,46.2,49.6,188.06,28.6,113.7,145.54,119.92,257.53,224.8,121.6,60.8,654.2,63.3,303.19,114.9,4443.67,150.4,1069.74054,39.2,1501.56,90.6,3.64,56.13,10.92,41.57,297.89,121.19,69.38,60.22,809.56,70.26,2580.62,86,851.44,99.8,641.85,2.15,41.383,BCN,Spain,Europe,Western Europe,Industrialized
Sao Paulo,,,,,,,,,,,,,,,,,,,,,,,,,,,,,,,,,,,,,,,,,,,,,,,,,,,,,,,,,,,,,,,,,,,,,,,,,,,,,,,,,,,,,,,,,,,,,,,,,,,1.23,,6.18,,214.35,70.91,46.23,58.86,791.36,62.28,2287.66,,,,,-46.517,-23.517,SAO,Brazil,Americas,South America,Developing
London,81.16,36626.53,81.2,88.2,39555.83,19.75,15.27,80.3,34802.9,80.3,87.9,76.58,23304.86,76.6,89.9,101.13,43006.39,101.1,107.2,133.45,41475.93,133.4,141.2,44.13,30122.42,44.1,51.6,34.14,39716.67,34.1,41,55.81,118821.5,55.8,61.5,47918.61,96.8,101.9,44.6,37657.25,44.6,51.2,119.05,48926.5,119.1,124,47.72,34756.92,47.7,54.8,70.41,80580.08,70.4,74.3,78.06,30134.68,78.1,87.4,74.77,32211.34,74.8,82.9,8.1,12.6,164.5,25,97.9,2003,1,1.3979,GBP,73.7,83.4,81.8,92.9,87.6,68.5,77.4,76,111.76,17,152.2,194.93,118.26,253.96,168.2,91,60.3,648.51,82.1,393.23,118.4,4580.47,172.7,1228.712163,66.5,2547.79,133.6,5.66,82.75,19.99,57.1,227.16,155.9,83.87,78.98,1061.79,92.88,3411.64,71.4,706.65,80.5,517.85,-0.083,51.533,LON,United Kingdom,Europe,Western Europe,Industrialized
Hong Kong,47.93,21630.08,47.9,56.1,37788.8,17.41,14.56,63.46,27504.53,63.5,72.7,71.35,21714.1,71.3,82.7,114.14,48537.4,114.1,126.9,113.98,35423.79,114,127.5,87.31,59597.11,87.3,101.3,49.04,57052.73,49,61.2,35.99,76638,36,49.6,63524.39,128.3,143.9,42.96,36275.32,43,51.3,83.92,34487.1,83.9,94.6,46.77,34061.33,46.8,55.4,48.59,55605.13,48.6,60.5,66.61,25716.31,66.6,76.5,56.93,24524.16,56.9,65.8,4.6,11.3,98.2,14.9,106.1,2171,1,0.1277,HKD,78.9,100.3,94.6,76.5,81.5,60.3,76.7,72.4,78.01,11.8,136.7,175.03,68.63,147.39,139.3,75.3,60.3,648.82,75,359.12,83.9,3246.07,168.4,1197.628413,103,3946.86,19.8,1.18,12.29,6.32,4.79,215.54,119.49,75.42,63.98,860.12,76.51,2810.35,47.5,470.43,73.9,474.94,114.15,22.283,HKG,Hong Kong,Asia,East Asia,Industrialized
Dubai,30.1,13582.57,30.1,38.5,31136.4,11.86,11.26,35.14,15230.65,35.1,44.9,43.74,13312.93,43.7,55.5,21.13,8985.9,21.1,27,11.91,3700.62,11.9,15.1,96.32,65749.74,96.3,128.5,67.21,78185.86,67.2,96.3,53.75,114443.1,53.7,85,26708.75,54,69.5,37.47,31636.36,37.5,50.9,58.02,23844.77,58,74.1,43.32,31549.62,43.3,58.1,75.9,86871.14,75.9,108.6,34.28,13235.41,34.3,43.7,41.99,18088.15,42,53.7,0,0,197.4,30,113.5,2323,1,0.2723,AED,55.8,92,76.1,73.6,72.8,41.1,67.7,56,143.3,21.8,121.8,155.92,202.62,435.13,198.9,107.6,82.9,891.38,67.7,324.25,98.9,3824.86,108.2,769.3632275,69.2,2653.56,8.8,0.95,5.44,4.49,,424.24,161.94,61.4,77.13,1036.96,73.61,2703.86,67.1,663.79,72.4,465.42,55.3643,25.255,DXB,Dubai,Asia,Middle East,Developing
Istanbul,13.24,5972.73,13.2,12.6,9540.52,4.11,2.8,18.11,7848.76,18.1,17.1,16.06,4887.83,16.1,15.3,11.83,5028.74,11.8,11.4,17.91,5565.39,17.9,17,38.32,26157.72,38.3,34.9,41.04,47741.12,41,39.9,12.63,26889.68,12.6,13.6,7881.39,15.9,15.1,11.32,9556.57,11.3,11.3,24.43,10038.14,24.4,22.7,13,9467.45,13,12.8,11.09,12688.45,11.1,11.3,16.54,6386.14,16.5,15.7,16.77,7223.95,16.8,15.9,14.7,16.2,156.1,23.7,113.3,2319,1,0.2614,TRY,27,31,26.4,52.7,45.3,14.3,16.3,13.9,437.7,66.5,176.3,225.72,176.27,378.54,1049.5,567.7,33.7,362.81,63.2,302.74,113.6,4395.95,97.9,696.4210739,15.7,600.15,30.4,0.99,18.83,4.77,13.07,156.65,69.21,43.13,42.6,572.69,52.74,1937.29,48.7,482.14,68.2,438.49,28.967,41.017,IST,Turkey,Europe,Western Europe,Developing
Bratislava,27.33,12335,27.3,26.7,12950.39,6.21,4.55,28.97,12555.66,29,28.3,51.85,15779.21,51.8,51,21.61,9189.58,21.6,20.5,47.99,14915.07,48,47.1,28.85,19694.88,28.9,30.1,31.03,36100.43,31,35.6,9.39,19982.7,9.4,11.6,16652.25,33.6,33.7,12.5,10551.48,12.5,12.8,24.85,10213.38,24.9,23.8,20.96,15268.38,21,21.7,21.89,25049.37,21.9,24.8,22.53,8696.18,22.5,21.2,27.87,12006.07,27.9,27.1,9.8,17.1,173.2,26.3,101.9,2085,1,1.2335,EUR,32.1,36,33.7,67.1,57.8,21.5,24.1,22.6,316.16,48,149.3,191.19,197,423.07,605.5,327.5,49.7,534.88,57.5,275.44,123,4759.9,176.1,1252.79194,20.9,801.78,33.8,1.2,20.92,7.88,11.84,201.06,95.6,74.44,57.55,773.68,67.08,2463.73,44.2,437.58,57.2,367.76,17.117,48.15,BTS,Slovak Republic,Europe,Eastern Europe,Transition
Milan,59.32,26769.69,59.3,53.3,35935.31,18.8,11.97,76.43,33126.33,76.4,68,72.82,22161.88,72.8,65.5,57.54,24466.47,57.5,51.8,85.42,26548.48,85.4,76.1,96.94,66170.42,96.9,82.5,68.34,79505.93,68.3,61.2,43.86,93375.95,43.9,42.4,39699.51,80.2,71.1,49.04,41404.48,49,45.5,126.29,51899.51,126.3,106.3,42.11,30670.57,42.1,39.4,52.92,60564.85,52.9,48.9,75.89,29299.74,75.9,67.7,76.24,32842.62,76.2,67.8,9.8,25.8,159.2,24.2,93.4,1912,1,1.2335,EUR,68.3,60.5,62.4,95.4,86.1,65.2,57.8,59.5,171,26,108.6,139.08,116.1,249.32,201.4,109,62.3,669.98,76.6,366.87,114.6,4432.09,191,1358.36001,49.1,1882.94,99.3,1.85,61.51,20.49,39.17,217.1,143.39,95.6,88.15,1185.06,95.43,3505.07,141.1,1396.48,192.1,1234.93,9.167,45.45,MIL,Italy,Europe,Western Europe,Industrialized
St Petersburg,18.71,8443.2,18.7,21.9,7510.1,4.18,3.63,24.35,10554,24.4,28.5,31.21,9498.6,31.2,36.3,17.37,7387.8,17.4,20.3,16.98,5277,17,19.7,13.68,9341.17,13.7,16.7,32.79,38152.71,32.8,43,3.37,7176.72,3.4,4.9,11926.02,24.1,28.4,6,5065.92,6,7.5,15.41,6332.4,15.4,18,8.69,6332.4,8.7,10.7,14.75,16886.4,14.8,19.3,12.87,4967.28,12.9,15,14.7,6332.4,14.7,17.2,0,13,212.3,32.3,87.9,1798,1,0.0176,RUB,23.1,27.3,28.9,62.6,54.9,14.5,17.1,18.1,248.62,37.7,215.4,275.84,196.05,421.02,706.6,382.3,62.5,672.55,57.7,276.5,125.6,4860.64,126,896.5754925,24.6,942.66,23.9,0.77,14.81,2.34,11.7,349.51,64.65,81.79,48.72,655.04,62.56,2297.89,94.4,934.81,151.9,976.36,30.308611,59.9375,LED,Russia,Europe,Eastern Europe,Transition
Kiev,11.74,5297.35,11.7,12.7,4385.24,2.32,1.87,8.7,3769.35,8.7,9.4,12.42,3780.3,12.4,13.4,19.96,8487,20,21.6,10.48,3257.07,10.5,11.3,4.54,3101.6,4.5,5.1,9.7,11285.2,9.7,11.8,3.12,6642,3.1,4.2,9639.44,19.5,21.3,3.09,2606.82,3.1,3.6,10.77,4428,10.8,11.7,2.19,1593.63,2.2,2.5,2.62,3004.03,2.6,3.2,13.63,5263.47,13.6,14.7,8.39,3615.22,8.4,9.1,0,19.5,157.9,24,92.3,1888,1,0.0369,UAH,18.3,20.2,21.1,44,39.5,8.1,8.9,9.3,382.15,58,289,370.03,337.72,725.26,1309.9,708.6,43,462.53,32.4,155.08,100.1,3872.3,137.4,977.5266638,21.3,815.53,18.3,0.18,11.34,2.72,8.44,286.46,60.42,38.97,31.35,421.43,44.04,1617.59,57.5,569.31,85.4,549.06,30.517,50.433,IEV,Ukraine,Europe,Eastern Europe,Transition
Santiago de Chile,24.22,10932.2,24.2,26.1,18285.82,8.51,6.97,28.04,12151.38,28,30.1,40.48,12318.22,40.4,43.2,25.33,10773,25.3,27.2,37.72,11723.29,37.7,40.3,40.99,27981.81,40.9,56.1,16.94,19701.89,16.9,20.2,25.25,53761.26,25.2,34.1,14105.79,28.5,30.9,38.3,32337.26,38.2,42.8,33.79,13885.2,33.7,36.3,24.52,17860.49,24.5,27.5,52.96,60614.75,52.9,65.3,22.13,8544.01,22.1,23.7,26.44,11388.28,26.4,28.4,17.9,0.9,120.2,18.3,105.1,2150,100,0.1663,CLP,45.6,57,53.6,64.7,55.5,29.5,36.9,34.7,236.79,36,100.6,128.78,99.94,214.63,418.8,226.6,48.2,518.76,60.5,289.78,117.3,4538.39,110.7,787.4551781,18.9,724.57,29,1.18,17.98,7.32,9.48,277.37,83.54,51.54,63.58,854.79,64.73,2377.4,47.2,466.75,81.7,525.4,-70.75,-33.467,SCL,Chile,Americas,South America,Developing
Munich,94.41,42603.45,94.4,91,45553.58,24.89,17.49,84.27,36523.66,84.3,81.9,104.74,31876.38,104.7,101.9,94.53,40199.76,94.5,91.3,84.05,26123.89,84.1,83,65.88,44968.48,65.9,66,101.1,117621.08,101.1,102,68.13,145059.6,68.1,73.5,52255.45,105.6,101.4,52.89,44657.31,52.9,54,90.04,37005,90,87.3,83.15,60564.21,83.2,83.3,85.93,98339.83,85.9,89.4,78.29,30224.59,78.3,76.9,94.04,40513.62,94,90.8,18.8,10.2,187.9,28.6,89.4,1830,1,1.2335,EUR,104,99.1,104.8,83,75.9,86.3,82.3,87,107.04,16.3,104.9,134.38,107.41,230.66,149.8,81,49.7,534.66,84.5,404.75,134.6,5207.5,145.9,1038.1136,47.9,1837.59,136.9,3.58,84.81,15.85,65.38,186.57,105.66,61.06,77,1035.12,82.98,3048.05,69.1,684.12,107.7,692.42,11.566667,48.133333,MUC,Germany,Europe,Western Europe,Industrialized
Jakarta,6.09,2750.21,5.8,7.1,5177.04,2.27,2,15.85,6868.17,15.1,17.7,9.42,2867.87,9,10.9,9.34,3970.89,8.9,10.9,8.75,2720.8,8.3,10.2,8.4,5735.73,8,9.9,17.95,20883.94,17.1,21.5,2.9,6176.94,2.8,4,2985.52,5.7,7.1,5.01,4228.26,4.8,6.2,12.88,5294.52,12.3,14.6,10.78,7853.54,10.3,12.5,10.92,12500.95,10.4,13.4,7.9,3051.7,7.5,9.2,9.81,4228.26,9.3,11.4,3.8,7.2,78.9,12,111.5,2282,1000,0.0735,IDR,13.8,19.2,17.5,56.8,50.8,7.9,10.9,9.9,545.97,82.9,58.3,74.6,118.37,254.21,1204.5,651.6,63.9,687.29,60,287.49,100.2,3878.17,104,739.4322955,27.2,1042.83,18.5,0.26,11.44,1.73,9.45,231.51,42.1,17.28,41.43,556.98,56.84,2087.77,39.5,390.98,48.9,314.34,106.8,-6.267,JKT,Indonesia,Asia,East Asia,Developing
Athens,37.58,16960.44,37.6,33.2,18125.32,8.66,5.65,45.89,19890.2,45.9,40.5,35.31,10745.86,35.3,30.9,29.01,12335,29,25.6,34.55,10737.57,34.5,30.2,38.03,25960.86,38,35,39.48,45926.49,39.5,37.6,17.38,37005,17.4,18.6,25854.59,52.2,46.4,28.8,24314.63,28.8,27,30.01,12335,30,26.4,40.84,29747.91,40.8,37.7,29.35,33592.32,29.4,28.6,29,11196.07,29,25.5,26.36,11357.2,26.4,23.2,16,18.8,148.7,22.6,102.3,2092,1,1.2335,EUR,41.3,40.7,38.6,72.7,64,30,29.6,28.1,289.17,43.9,104.9,134.33,115.95,249.01,484.1,261.9,56.4,606.13,64.4,308.38,127.9,4946.64,173.1,1231.063838,30.1,1152.29,73.4,1.73,45.45,7.89,35.83,278.25,82.18,78.02,59.54,800.43,72.68,2669.73,58.9,583.49,72.9,468.98,23.717,37.967,ATH,Greece,Europe,Western Europe,Industrialized
Lisbon,32.74,14774.59,32.7,32.4,17688.4,9.26,6.52,46.37,20098.42,46.4,44.3,37.89,11532.12,37.9,37.9,24.37,10361.4,24.4,24.8,35.6,11064.77,35.6,35.8,36.28,24765.94,36.3,35.4,26.73,31097.9,26.7,27.3,13.79,29357.3,13.8,15.7,15490.02,31.3,31,23.47,19816.04,23.5,23.8,54.63,22449.7,54.6,51.6,43.48,31669.15,43.5,41.5,35.54,40678.09,35.5,34.9,29.62,11433.72,29.6,29.8,32.2,13872.76,32.2,32,11,17.5,146.9,22.3,93.4,1911,1,1.2335,EUR,45.8,44.5,46.3,70,62.4,32.1,31.2,32.4,239.36,36.3,141.9,181.71,129.43,277.95,412.5,223.2,44,472.98,63.3,303.08,138.3,5351.09,174.8,1243.408089,32.2,1233.5,61,1.91,37.76,10.1,25.75,247.63,126.68,43.17,60.59,814.54,70.01,2571.33,55,544.86,78.4,504.21,-9.15,38.733,LIS,Portugal,Europe,Western Europe,Industrialized
Manama,80.84,36483.47,80.8,101.3,29343.55,14.45,13.44,41.74,18091.41,41.7,52.3,43,13086.65,43,53.4,41.17,17507.82,41.2,51.5,33.57,10433.95,33.6,41.7,101.67,69401.71,101.7,132.7,74.49,86654.87,74.5,104.5,51.95,110617.59,52,80.4,40144.19,81.1,102.3,43.5,36723.98,43.5,57.8,46.47,19099.44,46.5,58.1,47.01,34237.51,47,61.7,44.52,50956.6,44.5,62.4,50.89,19647.66,50.9,63.6,46.04,19833.35,46,57.6,7,0,210.5,32,99.3,2031,1,2.6527,BHD,70.8,100.6,94.4,70.8,63.1,50.1,71.2,66.8,101.41,15.4,46.2,59.22,55.15,118.44,149.6,80.9,65.8,707.88,80.9,387.35,94.5,3655.47,97.7,694.6559172,32.3,1237.93,12.1,0.8,7.5,6.7,,332.25,133.3,77.59,56.59,760.78,70.78,2599.66,57.4,568.24,78.8,506.53,50.583,26.217,BAH,Bahrain,Asia,Middle East,Developing
Zagreb,29.8,13448.73,29.8,23,13855.38,7.3,4.19,37.18,16113.04,37.2,28.7,34.01,10349.71,34,26,27.14,11539.31,27.1,20.9,37.69,11712.89,37.7,28.9,33,22526.53,33,26.6,33.86,39393,33.9,29.3,11.45,24372.03,11.4,10.9,13786.75,27.9,21.7,16.16,13641.96,16.2,13.2,31.71,13030.46,31.7,24.4,22.62,16476.36,22.6,18.3,19.7,22544.54,19.7,17,28.09,10844.96,28.1,21.6,28.41,12240.47,28.4,21.9,20,22.7,160.1,24.3,92.8,1898,1,0.1659,HRK,34,26.9,28,74.5,63.7,25.3,20.1,20.8,305.39,46.4,125.3,160.5,117.09,251.45,674.6,364.9,47.8,514.01,57.1,273.5,141.9,5488.81,144.8,1029.604018,20.7,791.66,47.3,1.49,29.3,6.64,21.17,184.36,97.96,69.89,76.3,1025.71,74.47,2735.31,85.5,846.29,109.1,701.27,15.983333,45.816667,ZAG,Croatia,Europe,Eastern Europe,Transition
Auckland,77.92,35166.16,77.9,88.4,37166.33,19.36,15.77,75.96,32922.2,76,86.5,101.51,30894.38,101.5,114.9,79.94,33995.75,79.9,91,94.28,29300.76,94.3,107,43.8,29899.56,43.8,52.2,50.89,59208.67,50.9,59.9,47.06,100198,47.1,57.6,49245.17,99.5,108.1,64.13,54142.5,64.1,72.4,87.07,35785,87.1,98.3,66.54,48464.82,66.5,75.5,42.21,48309.75,42.2,51.1,63.74,24607.91,63.7,73.1,86.11,37097.12,86.1,96.7,0,17.9,131.6,20,93.8,1920,1,0.7157,NZD,75.1,84.1,87.8,89.3,78.9,67.1,75.1,78.4,87.53,13.3,99.4,127.3,76.71,164.74,127.9,69.2,68,731.3,85,407.28,112,4332.49,132.5,942.5661645,37.4,1432.41,124.7,1.61,77.24,11.93,63.7,346.4,176.6,78.91,78.14,1050.54,89.32,3280.69,73,723.04,119.5,768.38,174.75,-36.85,AKL,New Zealand,Oceania,Oceania,Industrialized
Luxembourg,103.37,46650.97,103.4,109.5,58077.56,32.1,22.31,228.98,99241.16,229,198.3,123.62,37621.75,123.6,134.4,69.57,29583.13,69.6,78.2,112.98,35113.63,113,123.9,69.81,47654.22,69.8,76.7,115.49,134354.79,115.5,104.4,97.53,207663.64,97.5,93.3,70477.26,142.4,137.5,122,103003.42,122,111.1,100.85,41445.6,100.8,108.7,150.04,109275.73,150,133,51.5,58940.74,51.5,58.1,89.65,34612.01,89.7,99.1,104.8,45146.1,104.8,111.4,12.2,14.5,197.4,30,88.4,1809,1,1.2335,EUR,125,117.3,124.6,89,84.2,111.3,104.4,110.9,86.3,13.1,82.2,105.32,86.89,186.59,119.3,64.5,69.4,746.26,84.9,406.57,130.3,5042.02,217.1,1544.184729,64.7,2479.85,175.7,2.47,108.82,20.51,85.84,317.93,181.32,94.36,75.97,1021.37,89.03,3270.05,72.4,716.86,117,752.3,6.117,49.6,LUX,Luxembourg,Europe,Western Europe,Industrialized
Zurich,156.01,70404.37,156,172,67882.3,37.44,30.92,198.98,86238.08,199,223.3,166.9,50793.29,166.9,188.1,150.07,63815.75,150.1,167,175.34,54494.91,175.3,196.4,99.41,67858.82,99.4,114.7,110.05,128025.75,110,132.7,55.89,118996.92,55.9,75,83271.56,168.2,190.8,88.21,74474.17,88.2,106.6,158.57,65169.34,158.6,175.9,134.15,97702.76,134.1,156,96.07,109951.81,96.1,117.8,139.96,54032.61,140,157.7,157.05,67657.52,157.1,173.7,7.2,10.1,176.9,26.9,88.6,1813,1,1.0598,CHF,111.1,122.5,131.7,116.8,104.3,129.8,143.1,153.8,87.99,13.4,92.3,118.24,85.22,183.02,70.6,38.2,86.5,929.97,131.4,629.32,118.2,4572.23,234.7,1669.489693,54.8,2100.7,133.7,2.65,82.83,24.38,55.8,390.54,265.48,106.51,122.21,1643,116,4260.59,91.9,909.24,114.6,736.74,8.517,47.367,ZRH,Switzerland,Europe,Western Europe,Industrialized
Shanghai,22.48,10143.21,22.5,24.8,11036.33,5.56,4.44,27.85,12072.24,27.9,30.1,18.15,5524.05,18.2,20.4,20.41,8680.65,20.4,23,24.36,7570.58,24.4,27.1,19.42,13257.72,19.4,21.7,31.51,36658.44,31.5,34.4,10.71,22798.54,10.7,13.5,9488.74,19.2,21.5,13.98,11805.68,14,16.1,32.64,13415.55,32.6,34.9,16.32,11889.86,16.3,18.5,17.74,20307.46,17.7,20.4,17.11,6606.87,17.1,19.2,20.22,8712.22,20.2,22.8,10.5,9,76.8,11.7,97.1,1987,1,0.1578,CNY,29.6,32.4,33.9,65.1,56.8,19.3,21.1,22.1,351.4,53.4,199.2,255.02,158.5,340.38,565.8,306.1,47.4,510,75.7,362.39,97.6,3776.56,108.6,772.42002,23.4,897,33.7,0.67,20.87,3.29,16.91,253.3,97.28,38.51,49.68,667.95,65.11,2391.61,43.8,433.36,67.1,431.18,121.467,31.167,SHA,China,Asia,East Asia,Developing
São Paulo,25.26,11397.69,25.3,30.2,16445.59,8.7,6.94,19.51,8455.22,19.5,23.7,20.76,6317.05,20.8,25.2,16.28,6923.4,16.3,19.9,21.13,6565.73,21.1,25.7,30.57,20867.72,30.6,34.9,54.18,63034.21,54.2,58.1,22.21,47286.17,22.2,26.9,25811.4,52.1,55.5,20.38,17208.71,20.4,24.5,94.83,38973.74,94.8,94.7,18.86,13734.51,18.9,23.1,42.33,48446.53,42.3,46.3,24.05,9285.63,24.1,29,30.54,13157.82,30.5,35.9,9,7.6,186.4,28.3,92.4,1890,1,0.3082,BRL,48.4,54.1,55.4,62.3,54.4,30.2,33.7,34.5,345.79,52.5,96.3,123.26,76.01,163.23,533.6,288.7,40,430.13,53,253.84,132.7,5134.07,99.1,704.765563,23.8,912.27,12,,7.41,,,,,,,,,,31.4,310.51,61.2,393.47,,,,,,,
Paris,52.05,23490.5,52.1,52.4,32879.42,19.78,13.96,79.43,34426.85,79.4,77.4,78.57,23912.63,78.6,78.3,63.23,26890.3,63.2,62.8,77.41,24057.91,77.4,77.1,58.74,40096.29,58.7,59.2,56.24,65428.54,56.2,55.7,47.51,101147,47.5,49,31559.3,63.8,63,50.56,42691.71,50.6,51.6,72.03,29604,72,70.9,47.96,34931.56,48,49,49.69,56874.63,49.7,50.4,83.65,32293.03,83.6,81.7,66.94,28837.59,66.9,66.1,21.5,7,197.4,30,81.3,1663,1,1.2335,EUR,75.1,65.8,76.1,91.2,88,68.6,60,69.4,151.94,23.1,123.2,157.77,109.89,235.99,189.4,102.4,82.6,888.03,89,426.43,116.2,4495.07,133.3,948.3148,74.4,2853.5,83.2,2.34,51.52,11.06,38.12,425.29,227.77,85.11,88.1,1184.4,91.24,3351.44,87.6,867.08,104.3,670.38,2.333,48.8,PAR,France,Europe,Western Europe,Industrialized